name,url
safercodes,https://safer.codes/
airwoot,http://airwoot.com/
scholastic,http://www.scholastic.com/
cleartax,http://cleartax.in/
invitation codes,https://invitation.codes/
innovaccer,http://www.innnovaccer.com/
mobikwik,http://www.mobikwik.com/
musicfellas,http://www.musicfellas.com/
incrowd loyalty,http://incrowd.in/
nowboarding,https://nowboarding.club/
adpushup,http://www.adpushup.com/
trakrr,http://trakrr.launchrock.com/
playcez,http://www.playcez.com/
overcart,http://www.overcart.com/
touchtalent,http://www.touchtalent.com/
times internet,http://www.timesinternet.in/
schooladmissions,http://www.schooladmissions.in/
langhar,http://langhar.com/
sheroes,http://sheroes.in/
mangoreader,http://www.mangoreader.com/
motorpaneer,http://www.motorpaneer.com/
zestbuds,http://www.zestbuds.com/
tao,http://tao-ed.com/
limetray,http://www.limetray.com/
myshaadi.in,http://www.myshaadi.in/
zuvvu,http://zuvvu.com/
zomato,https://www.zomato.com/careers/
oyo rooms,http://oyorooms.com/
voxapp,http://www.voxapp.com/
iimjobs,http://iimjobs.com/
happay,http://www.happay.in/
storemonk,https://bit.ly/19J9UcC/
opdrage,http://opdrage.org/
croak.it,http://croak.it/
uberhealth for families,http://www.uberhealth.co/
gigstart,http://www.gigstart.in/
hike,http://www.hike.in/
wisetouch,http://www.wisetouch.in/
trip tern,http://www.triptern.com/
cerana beverages,http://www.craftbeer.in/
rooja,http://www.rooja.com/
ipleaders,http://ipleaders.in/
popxo.com,http://www.popxo.com/
azadi incorporated,http://www.azadi.co.in/
intugine technologies pvt ltd.,http://www.intugine.com/
www.fliyo.com,http://www.fliyo.com/
uprack,http://www.uprack.com/
bluegape,http://www.bluegape.com/
vidooly,http://www.vidooly.com/
taxipixi,http://www.taxipixi.com/
retrovision,http://retrovision.design-business.net/
thrill,http://www.thrillapp.com/
snapdeal,http://www.snapdeal.com/
iexperience,http://www.iexperience.in/
traveltriangle,http://traveltriangle.com/
signals,http://www.getshifu.com/
hazel media,http://www.hazelmedia.in/
kartrocket,http://www.kartrocket.com/
blue lotus,https://bluelotus-diary.blogspot.com/
teahalt,http://teahalt.com/
vogue,http://www.voguemagnet.com/
wingify,http://visualwebsiteoptimizer.com/
medianama,http://www.medianama.com/
tripoto,http://www.tripoto.com/
webchutney,http://webchutney.com/
mobicules technologies,http://www.mobicules.com/
instahyre,http://www.instahyre.com/
greymeter,http://greymeter.com/
todoed,http://www.todoed.co/
wisemoo labs,https://www.facebook.com/WisemooLabs/
mojo,http://www.emojo.org/
coursebirdie,http://coursebirdie.com/
autsun,http://www.autsun.com/
viraliti,http://viraliti.com/
500 hustle,http://www.500hustle.co/
easy gurukul,http://easygurukul.com/
whistle,http://whistleapp.co/
rxvault.in,http://www.rxvault.in/
whichapp,http://www.whichapp.me (not live)/
wallet circle,http://walletcircle.com/
sukshm information services,http://www.sukshminformationservices.com/
edulever consulting,http://www.edulever.in/
skillkindle,http://www.skillkindle.com/
tripmd,http://tripmd.com/
offermandi,http://www.offermandi.com/
indiamart,http://www.indiamart.com/
bhane.,http://www.bhane.com/
shopatplaces,http://www.shopatplaces.com/
indian angel network,http://www.indianangelnetwork.com/
askcake,http://www.askcake.com/
musejam,http://www.musejam.com/
pharmasecure,http://www.pharmasecure.com/
paperkite,http://www.paperkite.in/
rappo,https://www.facebook.com/rappoindia/
perfectmyenglish,http://www.perfectmyenglish.in/
kleverkid,http://www.kleverkid.in/
lost beat,http://www.lostbeatlive.com/
ad-vic marketing,http://advicmarketing.com/
robotech labs private limited,http://www.robotechlabs.com/
91springboard,http://91springboard.com/
sd squared labs,http://www.sd2labs.com/
kario,http://kar.io/
gradestack,http://gradestack.com/
5by7,http://www.5by7.in/
klipper,http://www.klipper.io/
careerco,http://www.careerco.in/
saltmangotree creative marketing,http://www.saltmangotree.in/
ignitedv,http://ignitedv.com/
e-diagnostics,http://www.e-diagnostics.com/
ambey network systems,http://ansgroup.co.in/
hngre,http://www.hngre.com/
mpossible consulting (thinkmpi),http://thinkmpi.com/
postergully,http://www.postergully.com/
grownout,http://www.grownout.com/
weareholidays,http://WeAreHolidays.com/
talent auction,http://talentauction.in/
invitereferrals,http://www.invitereferrals.com/
review19,http://review19.com/
hireswift,http://hireswift.com/
careermate,http://www.careermate.in/
alma connect,http://www.almaconnect.com/
xlott,http://www.xlott.com/
clickin' keep scoring,http://www.clickinapp.com/
clinchpad,https://www.clinchpad.com/
talentpad,http://talentpad.com/
resumonk,http://www.resumonk.com/
cashkaro.com,http://www.cashkaro.com/
simplifysocial,http://www.SimplifySocialApp.com/
cibola,http://htttp://cibola.co.in/
kwippy,http://kwippy.com/
banjarey,http://www.banjarey.com/
keshiha services private limited,http://www.artanddecors.com/
vccircle,http://www.vccircle.com/
kyazoonga,http://www.kyazoonga.com/
10times,http://10times.com/
v-cube,https://in.linkedin.com/pub/manuj-keshari/9/39b/ab8/
dineout,http://www.dineout.co.in/
360logica software testing services,http://www.360logica.com/
postshire,http://www.postshire.com/
chhotu.in,http://www.chhotu.in/
easy skillz,http://www.easyskillz.com/
boostrr,http://www.boostrr.com/
observe design inc.,http://www.observedesign.in/
primaseller,http://www.primaseller.com/
mocoti,http://www.mocoti.com/
grofers,http://grofers.com/
roadmojo,http://www.roadmojo.com/
socialappshq,https://www.socialappshq.com/
inc42,http://inc42.com/
productnation,http://www.productnation.in/
holidify,http://www.holidify.com/
wishpicker,http://www.wishpicker.com/
skillwill,http://www.skillwill.co.in/
studycopter,http://studycopter.com/
getechoed,http://www.getechoed.com/
mits healthcare,http://www.mitshealthcare.in/
pingoo,http://www.pingoo.me/
shiva network systems,http://shivans.co.in/
forkmycity,http://Forkmycity.com/
hedcet pvt. ltd.,http://hedcet.com/
twocents.in,http://www.twocents.in/
finnler,http://www.finnler.com/
mobisolv,http://mobisolv.com/
plattershare,http://www.plattershare.com/
secfence,http://www.secfence.com/
tryortrade,http://www.tryortrade.com/
edvento,http://www.edvento.com/
rids technology,http://www.rids.in/
collisionable,http://blog.collisionable.com/
intellocut,http://www.intellocut.com/
itestiwin.com,http://www.itestiwin.com/
magicbot technologies,http://www.magicbot.in/
network18,http://www.infomedia18.in/
idealistr,http://weblab.preseed.in/projects/idealistr/
oogwave,https://www.oogwave.com/
hashtaag,https://hashtaag.com/
big menu,http://www.bigmenu.in/
firstquarto,http://firstquarto.com/
classrebels,http://classrebels.com/
news in shorts,http://www.newsinshorts.com/
charge fitness ventures private limited,http://www.chargeup.in/
qrios,http://qrios.in/
kohapp,http://kohapp.com/
sun-bazaar,http://solarbiz.in/
the asian miracle,http://www.asianmiracle.com/
thewittyshit,http://www.TheWittyShit.com/
earthen me,http://www.earthenme.com/
clickindia,http://www.clickindia.com/
niveshi - invest like the experts,http://www.niveshi.com/
nupinch,http://www.nupinch.com/
simplysizzl.in,http://www.simplysizzl.in/
pocketad,http://www.pocketad.in/
reviews42,http://www.reviews42.com/
nextgen infotech,http://www.nextgeninfotech.in/
vdeliver couriers private limited,http://www.vdeliver.co.in/
connect me,http://www.kidspiazza.com/
fastcandidate,http://www.fastcandidate.com/
fetise,http://www.fetise.com/
getdabba,http://www.getdabba.com/
photowalkrs,http://photowalkrs.com/
gingerbrain,http://www.gingerbrain.com/
mericar,http://www.mericar.com/
guidetrip,http://www.guidetrip.com/
elan adventures,http://www.elanadventures.com/
bcause,http://www.bcause.in/
hushh games,https://apps.facebook.com/hush_connect/
houseincity,http://www.houseincity.com/
vidoomail,http://vidoomial.com/
youth4work,http://http;//www.youth4work.com/
emphi,http://emphi.com/
veeba food services,http://www.veeba.in/
infotyke,http://www.infotyke.org/
group bookings,http://www.groupbookings.in/
wittymart,http://wittymart.com/
gopeppers,http://www.gopeppers.com/
getsquarefeet.com,http://getsquarefeet.com/
pkutstore,http://pkt.re/
innovese technologies,http://www.yocaptcha.com/
net-works,
wizters,http://www.wizters.com/
arbunize,http://www.Arbunize.com/
seeksherpa,http://www.seeksherpa.com/
indiarush,http://indiarush.com/
industrybuying.com,http://www.industrybuying.com/
khojguru,http://khojguru.com/
opportunejobs,http://opportunejobs.com/
neuron,http://www.neuronme.com/
greedygame,http://greedygame.com/
routofy,http://www.routofy.com/
pivotal consultancy services,http://www.pivotalindia.com/
perspectful,http://www.perspectful.com/
jyoti design's and work's,http://jdworks.in/
commerce labs,http://www.mypoolin.com/
fantasy betting game,https://apps.facebook.com/ttwentypredict/
volunteernow,http://volunteernow.in/
srs designs,https://www.linkedin.com/profile/view?id=120938664&trk=tab_pro/
recruiterzilla,http://recruiterzilla.com/
tiffly,http://www.tiffly.com/
luxeindulge,http://www.luxeindulge.com/
quizr,http://quizr.me/
reach,https://my-reach.appspot.com/
opusviz.com,http://www.opusviz.com/
pricetree,http://www.pricetree.com/
showknight,http://www.showknight.com/
solidry,http://www.solidry.com/
shaadisaga,http://www.shaadisaga.com/
policywala,http://www.policywala.com/
getmeashop,http://www.getmeashop.com/
10gen jobs,http://www.10genjobs.com/
medbox,http://www.medboxapp.com/
thumbbell,http://www.thumbbell.com/
medeel,http://www.medeel.com/
tablewalla,http://tablewalla.com/
eden web,http://edenwebinc.com/
lab6 inc.,http://lab6.in/
fgrape,https://fgrape.com/
outrat,http://outrat.com/
evermore india private limited,http://whackitlive.com/
the indian backpacker,http://www.indianbackpacker.com/
mathharbor,http://mathharbor.com/
motrpart,http://www.motrpart.in/
easyrenting,http://EasyRenting.com/
outbox ventures,http://www.outbox.ventures/
askforpets,http://www.askforpets.com/
instacab,http://www.instacab.co.in/
fitho,http://www.fitho.in/
ideademocracy,http://www.theideademocracy.com/
swarajneeti,http://www.meravote.in/
hometownshop technologies,http://hometownshop.in/index.php/
shaadimagic,http://www.shaadimagic.com/
excellup,http://www.excellup.com/
foodera,http://www.foodera.in/
laethnique,http://www.laethnique.com/
mixedsignals,http://mixedsignals.in/
computerinfo.in,http://computerinfo.in/
advenjo,http://www.advenjo.com/
urbanclap,http://www.urbanclap.com/
idreamcareer (idc),http://www.iDreamCareer.com/
writerbabu,http://www.writerbabu.com/
book keeper app,https://bookkeeperapp.net/
uwinumber,http://www.uwinumber.com/
24x7 zipmytravel pvt. ltd.,http://www.zipmytravel.com/
go heritage india journeys,http://www.goheritageindiajourneys.com/
qreoh,http://www.qreoh.com/
weddingonclick.com,http://weddingonclick.com/
zootzy inc.,http://www.zootzy.com/
helpmepapa.com,http://www.helpmepapa.com/
mishtag,http://www.mishtag.co/
karma recycling,http://www.karmarecycling.in/eportal/
footprints childcare pvt. ltd.,http://www.footprintseducation.in/
talent58.com,http://www.talent58.com/
easylaw.in,http://www.easylaw.in/
edlogiq,http://www.edlogiq.in/
travelkhana,http://www.travelkhana.com/
innerclan,http://www.innerclan.com/
hellotravel,http://www.hellotravel.com/
toggon.com,http://www.toggon.com/
adstuck consulting,http://www.adstuck.com/
studybud,http://www.StudyBud.in/
carv info solutions,http://www.carvinfo.com/
fleaffair,https://www.facebook.com/FleAffair/
oddpigeon,http://oddpigeon.com/
club shlub,http://clubshlub.com/
mera medicare,http://www.meramedicare.com/
collegedunia web pvt ltd,http://collegedunia.com/
trunoid,http://trunoid.com/
yantrr electronic systems,http://www.yantrr.com/
lawyerouno.com,http://www.lawyerouno.com/
education infoline,http://www.educationinfoline.com/
mozotek,http://www.mozotek.com/
superchef.me,http://superchef.me/
ds tech,http://www.darksun.biz/
skilltube,http://www.SkillTube.net/
shirtmogul,http://www.shirtmogul.com/
growx ventures,http://www.growxventures.com/
love n fantasy,http://www.lovenfantasy.com/
nearify,http://www.nearify.com/
deliverify,http://www.deliverify.com/
apnacashback,http://htttp://www.apnacashback.com/
bulbtiger,http://www.bulbtiger.com/
mast holiday,http://www.mastholiday.com/
learon edutech,http://www.learonedutech.com/
sahvidya,http://www.sahvidya.com/
facegram,http://www.facegr.am/
bquobe infosystem,http://www.bquobe.com/
craffts,http://www.craffts.com/
gti capital group,http://www.gticapitalgroup.com/
nextstag communications private limited,http://www.nextstag.com/
ekayan software labs,http://www.ekayan.com/
mghworld,http://www.mghworld.net/
daqwest,http://www.daqwest.com/
rangiru,http://www.rangiru.com/
biotz,http://www.biotz.in/
alleviate technologies pvt ltd,http://www.alleviatetech.com/
icanweb,http://www.icanweb.org/
99beststores,http://www.99beststores.com/
listopten,http://www.listopten.com/
the blog bowl,http://theblogbowl.in/
thinkcabs,http://www.thinkcabs.com/
imo controller,http://www.crunchbase.com/company/imo/
secarmour,http://www.secarmour.com/
blow trumpet solutions,http://blowtrumpet.com/
anthropower,http://anthropower.in/
instaveritas,http://www.instaveritas.com/
free spirits green labs (p) ltd.,http://www.freespirits.in/
kriyate,http://www.kriyate.com/
secureme by thinkmpi,http://www.sm.thinkmpi.com/
potknox,http://www.potknox.com/
getmyuni,http://www.getmyuni.com/
info clot,http://www.infoclot.com/
chandni chowk food,http://www.chandnichowkfood.com/
e2e networks private limited,http://e2enetworks.com/
redrock info solutions,http://www.redrockinfosolutions.com/
alertimizer,http://www.alertimizer.com/
theincircle,http://www.theincircle.com/
isociety,http://www.isociety.in/
agencyonnet,http://www.agencyonnet.com/
helpost,https://www.helpost.com/
stops hostels,http://www.stopshostels.com/
international engineer federation,http://www.iengf.org/
podiff,http://www.podiff.com/
fashupp,http://fashupp.com/
weddingplz.com,http://www.weddingplz.com/
whoopiee,http://www.whoopiee.com/
watiwear,http://watiwear.com/
phonecurry,http://www.phonecurry.com/
townvil,http://www.townvil.com/
work n hire,http://worknhire.com/
egully,http://www.egully.com/
qlypr.in,http://qlypr.in/
binj,http://www.binj.in/
markace,http://www.dekh.com/
gurucool,http://www.gurucool.co.in/
globedge,http://www.globedge.com/
bountie,http://www.getbountie.com/
artliving,http://www.artliving.in/
adezu,https://www.facebook.com/bhalla.pranav/
netorbis,http://www.netorbis.com/
kumoteam,http://6degreesit.com/KumoTeam/
nucleus partners,http://www.nucleus-partners.com/
consserv solutions,http://www.consserv.com/
cab2share,http://www.cab2share.com/
windmill health technologies,http://www.windmill-health.com/
mlabs,http://www.mlabs.in/
www.realizing.in,http://www.realizing.in/
aeon solaris,http://www.aeonsolaris.com/
latestt,http://www.latestt.com/
crisp solutions group,http://MeraBusinessIdea.com/
skopex,http://skopex.com/
fabity,http://www.fabity.com/
pressplay,http://www.pressplaytabs.com/
nayi disha studios,http://www.nayidishastudios.com/
ixstay hospitality soutions,http://www.ixstay.com/
mutiny labs,http://mutinylabs.in/
auromayaa,http://www.auromayaa.com/
easemark,http://easemark.com/
tippi,http://www.tippiapp.com/
www.robogames.in,
recruitro,http://www.recruitro.com/
el group international,http://ELGroupInternational.com/
applaud infosystems llp,http://www.praktis.in/
red rock,http://www.red-rock.in/
home in hand,https://www.home-in-hand.com/
partiko,http://www.partiko.com/
gprotect,http://www.Gprotect.net/
still.alive | labs,http://www.stillalive.in/
vdocipher,http://www.vdocipher.com/
specpick,http://www.specpick.com/
edataindia,http://www.edataindia.com/
sopan technologies,http://www.sopantech.com/
dristo,http://dristo.com/
diy motrpart,http://www.motrpart.in/
fashionpeas,http://www.fashionpeas.com/
giggs it solutions pvt ltd,http://giggsol.com/
subillion,http://www.subillion.com/
findmycoaching,http://www.findmycoaching.com/
www.bodhisutra.com,http://www.BodhiSutra.com/
medsouk,http://medsouk.com/
freekaamaal.com,http://freekaamaal.com/
p.solutions,http://www.pdotsolutions.com/
neuweg,http://www.neuweg.co.in/
menias,http://www.menias.com/
native byte,http://www.NativeByte.com/
káfal,http://www.kafal.in/
backpack,http://www.usebackpack.com/
shoppestop megamart,http://www.shoppestop.com/
the education academy,http://www.theeducationacademy.in/
supportxperts technologies,http://www.sd.com/
zostel,http://zostel.com/
groundbreaking,http://groundbreak.in/
strawcurrent,http://www.strawcurrent.com/
zokator,http://www.zokator.com/
road garage,http://www.roadgarage.com/
stealth deal aggregation company,http://www.saurabhct.wix.com/mastkidis/
unlockar apps,http://www.unlockar.com/
survaider,http://www.survaider.com/
iris media network,http://thetechiris.com/
anwesha crm,http://www.saleswah.com/
phonekall,http://www.phonekall.com/
free spirits green labs,http://www.freespirits.in/
imoney finwin,http://imoneyinvestments.com/
the anti alias,http://www.theantialias.com/
tap&eat,http://www.tapandeat.com/
tjori,http://www.tjori.com/
weekend startups,http://startups.marketology.in/
amicus.co,http://www.amicus.co/
acredge,http://www.acredge.com/
store shack,http://storeshack.com/
croczone,http://www.croczone.com/
botskool,http://botskool.com/
seven step consulting,http://www.sevenstepconsulting.com/
spoco advertising,http://www.spocoadv.com/
koozba technologies,http://www.koozba.com/
ekta & aman couture,https://www.facebook.com/EktaAmanWeddingCouture?fref=ts/
agnitio education,http://www.agnitio.in/
the brainy brat,http://www.thebrainybrat.com/
booksreel,http://booksreel.com/
pricegenie.in,http://pricegenie.in/
musicdip,http://www.musicdip.in/
mumbai 5 star hotels,http://www.mumbai5starhotels.com/
smartprix web private limited,http://www.smartprix.com/
abledit,http://abledit.com/
eventasy,http://eventasy.in/
the decent planet,http://www.thedecentplanet.com/
synaptic consulting services,http://synaptic.in/
espial infotech,http://www.espialinfotech.com/
krushhh by konica,http://www.krushhhbykonica.com/
et medialabs,http://htpp://etmedialabs.com/
stockstream technologies,http://stockstreamtech.com/
zerocrime,http://www.zerocrime.org/
aldoshik technologies,http://www.aldoshik.com/
pixel jobs,http://jobs.pixelonomics.com/
offcon info security,http://www.offcon.org/
workshop 1701 designs,http://www.1701.in/
eventeve,http://www.eventeve.com/
ourvivaha,http://www.ourvivaha.com/
ruralmandi.com,http://www.ruralmandi.com/
map!t,https://gcdc2013-neighbourhoodwatch.appspot.com/
spacenab - spread your words,http://www.spacenab.com/
zunket,http://www.zunket.com/
startxlabs,http://www.startxlabs.com/
openhealth,http://openhealth.co/
moodsense,http://moodsense.net/
claimback india pvt. ltd.,http://www.claimback.in/
mindshine,http://www.trymockctet.com/
roomiex,https://www.indiegogo.com/projects/roomiex/x/8401452/
rewq.co,http://rewq.co/
glitstreet.com,http://www.glitstreet.com/
xcuse me doctor,http://www.xcusemedoctor.com/
edcoogle,http://www.edcoogle.com/
let's go honey,http://www.letsgohoney.com/
campusshare,http://not active/
lenro,http://lenro.co/
helfis,http://www.helfis.com/
meribahu,https://www.meribahu.com/
solarwaale.com,http://www.solarwaale.com/
staple media labs pvt ltd,http://www.staple.io/
eagerbug,http://eagerbug.com/
ridge capital,http://ridgecapital.in/
picsmashup,http://www.picsmashup.com/
knockedbee apparels,http://www.knockedbee-apparels.com/
india emporium,http://indiaemporium.com/
tinqr,http://www.tinqr.in/
steambox,http://www.steamboxmachine.com/
dzignink,http://A few more weeks to wait/
indiana smpn,http://Gameamba/
almashines solutions inc.,http://www.almashines.com/
learningconcepts,http://www.learningconcepts.in/
proxypulp,http://www.proxypulp.com/
buck's luxury,http://www.bucksluxury.com/
aoola global,http://www.cheaphotelsall.com/
threye interactive,http://www.threye.com/
housejive,http://www.housejive.com/
sapling,https://www.linkedin.com/profile/view?id=236424714&trk=tab_pro/
taxirail,http://taxirail.del@gmail.com/
daphnis labs,http://www.daphnislabs.com/
sofya rai delhi escorts agency,http://www.sofyarai.com/
pumpkinsafari.com,http://www.pumpkinsafari.com/
grindkey.com,http://www.grindkey.com/
leaf laboratories pvt. ltd.,http://www.theleaflabs.com/
dextr,http://dextr.me/
honkit!,http://www.honkit.in/
akaruilabs,http://www.akaruilabs.com/
vfspl,http://www.yhungry.com/
campuspedia,http://www.campuspedia.in/
the koohooo!! project,https://koohooo.launchrock.com/
findo,http://www.findo.in/
idata insights,http://www.idatainsights.com/
b2bchannels,http://www.B2BChannels.com/
erizmo.,http://www.erizmo.com/
myish,http://myish.com/
fastwatch,http://https://www.facebook.com/messages/dhananjay.shrivastav/
qwarty,http://www.qwarty.com/
dial a chemist,http://dialachemist.in/
enziq solutions,http://enziq.com/
blooh media,http://www.bloohmedia.com/
edupotion elearning services pvt. ltd.,http://edupotion.com/
neha,http://www.xyz.com/
grephouse,http://www.grephouse.com/
optrixstore.com,http://optrixstore.com/
lasaware,http://lasaware.com/
shopinkz,http://www.shopinkz.com/
designhill,http://www.designhill.com/
skelves technology private limited,http://www.skelves.com/
affinity,http://www.joomla6teen.com/Coupon-Manager.html/
ibriller,http://ibriller.com/
paralleldots,http://www.paralleldots.com/
unstudious,http://www.unstudious.com/
mind incubator,http://www.mindincubator.com/
gigasoft,http://gigasoft.in/
bowstring studio,http://www.bowstringstudio.in/
airgol,http://www.airgol.com/
liqueret,http://www.vipulmeehnia.com/
dynofy,http://www.dynofy.com/
trovea,http://www.trovea.com/
graskaa,http://www.graskaa.com/
unimonk.com,http://Www.unimonk.com/
ministry of jamming,https://www.facebook.com/pages/Ministry-Of-Jamming/562962907130756?fref=ts/
hootpile,http://www.hootpile.com/
call kiraayaa,http://www.kiraayaa.com/
fingerdine,http://www.fingerdine.com/
yaqsh.com,http://www.yaqsh.com/
zenhancer technologies pvt. ltd.,http://www.zenhancer.com/
nately pitt,http://www.natelypitt.biz/
seo india,http://seoforindia.com/
nightplanner™,http://www.nightplanner.net/
prodata services,http://prodataservices.webs.com/
tradeboox,http://www.tradeboox.com/
peopleforce,http://www.crunchbase.com/company/phee/
entinova,http://www.entinova.com/
utileon,http://www.utileon.com/
readforgreed,http://readforgreed.com/
irentshare,http://www.IRentShare.com/
hicurate,http://www.hicurate.com/
progressive consulting india,http://www.progressiveconsulting.in/
krave on,http://www.kraveon.com/
miranj,http://miranj.in/
sookshm,http://sookshm.co.in/
robotekies,http://www.robotekies.com/
portweb inc.,http://www.portweb.in/
edural,http://edural.com/
global drishti technologies pvt. ltd.,http://www.manokamna.in/
old cheese,http://www.oldcheese.co/
modelsdelhi,http://www.ModelsDelhi.com/
cloudbells,http://www.cloudbells.com/
bitnomix,http://www.bitnomix.com/
lights camera dinner,http://www.lightscameradinner.com/
squareboat,http://squareboat.com/
hshdshdgtl studio,http://www.hshdsh.com/
ouchlook ecommerce pvt ltd,http://www.ouchlook.com/
supersike games,http://supersikegames.com/
jenbr,http://www.jenbr.com/
almedus,http://www.almedus.com/
international legal advisors,http://mr.guptavipul@gmail.com/
puddlz,http://www.puddlz.com/
articletrail,http://www.articletrail.com/
avanti learning centres,http://avantl.in/
digital agents interactive pvt ltd,http://www.digitalagents.in/
getmylooks.com,http://www.getmylooks.com/
ariose software,http://www.eventsonmobile.com/
yhungry,http://www.yhungry.com/
beyond designs,http://beyonddesigning.com/
rocketfood,http://rocketfood.co/
treat in india,http://www.treatinindia.com/
healthgenie.in,http://Www.healthgenie.in/
zikr studio,http://www.zikrstudio.com/
collaborative business consulting,http://www.collbizconsulting.com/
moodyfi,http://www.moodyfi.com/
competify,http://competify.in/
mealzu,http://www.mealzu.com/
vwision,http://www.vwision.com/
apprevelations,http://apprevelations.com/
m.a ( money appraisal),http://moneyappraisal.in/
shopick,http://shopick.com/
ride hub,http://RideHub.in/
bizcrum,http://www.bizcrum.com/
talika pms,http://www.etalika.in/
snc media ventures,http://www.sncmediaventures.com/
fromote,http://fromote.com/
walkon,http://www.getwalkon.com/
univoe,http://www.univoe.com/
contify,http://www.contify.com/
unlockar,http://www.unlockar.com/
nfciator solutions pvt limited,http://www.nfciator.ca/
pure research,http://www.pureresearch.co/
bizresearchlabs,http://www.BizResearchLabs.com/
freak minds recreation & entertainment,http://www.toonsafari.com/
hmpgr (invite code: angel),http://hmpgr.com/
blaze infomatiks pvt ltd,http://www.blazetekservices.com/
ajoft technology,http://www.ajoft.com/
halosystechnologies,http://www.halosystechnologies.com/
mutro,https://www.linkedin.com/profile/view?id=271323621&trk=nav_responsive_tab_profile_pic/
couponskart,http://www.couponskart.net/
helpline today,http://www.helplinetoday.com/
webzstudio,http://www.webzstudio.in/
max vision solutions,http://www.mvisionsolutions.com/
joy travels pvt,http://www.joy-travels.com/
zcho,http://zcho.net/
the petrosexuals,http://thepetrosexuals.com/
cloudtub,http://www.cloudtub.com/
m4maths,http://www.m4maths.com/
gourmet arcade,http://www.gourmetarcade.com/
itsys solutions,http://www.website-scraping.com/
www.healthindya.com,http://www.healthindya.com/
giikers,http://www.giikers.com/
sai internet marketing (india),http://www.saiinternetmarketing.com/
yourvision india,http://www.yourvision.in/
websfort,http://websfort.com/
gopaisa netventures private limited.,http://www.gopaisa.com/
drupal development services,http://www.drupaldevelopmentservices.com/
selectore,http://selectore.com/
aplomb india,http://www.aplomb.in/
joburban,http://www.joburban.com/
couponland.in,http://www.couponland.in/
credence foods,http://under progress/
nexgen infosystems limited,http://www.nexinfosys.com/product/tick.aspx/
shopalldaykids,http://www.shopalldaykids.com/
folks motor corporation,http://www.folksmotor.com/
the peninsula centre,http://www.tpcki.com/
volunteering india,http://www.volunteeringindia.com/
quovantis technologies,http://www.quovantis.com/
etable,http://www.etable.co.in/
www.identium.in,http://www.identium.in/
infuscia academy,http://www.infusciaacademy.in/
kwardrobe,http://www.kwardrobe.com/
riceco tech,http://ricecotech.com/
baxiboy media pvt. ltd.,http://www.baxiboy.com/
acg infotech,http://www.acgil.com/
skitsol,http://skitsol.com/
16 symbols,http://16symbols.com/
vg comp solution pvt ltd,http://www.vggroups.com/
empxtrack,http://empxtrack.com/
ucanrentbooks.com,http://ucanrentbooks.com/
seeqr consumer engagement (p) ltd.,http://www.dockon.us/
mrpl,http://not yet/
savitur startup essentials,http://www.savitur.co.in/
nirogam,http://www.nirogam.com/
phalanx technologies (p) limited,http://www.phalanx.co.in/
help24,http://www.help24.in/
truelancer,http://www.truelancer.com/
tech corp legal llp - patent attorneys & global business lawyers,http://www.techcorplegal.com/
cursive crew,http://www.cursivecrew.com/
appraisal chief,http://www.appraisalchief.com/
talentniti consulting,http://www.talentniti.com/
titanium heights,http://titaniumheights.com/
go4social,http://www.go4social.com/
squarecoins.com,http://www.squarecoins.com/
qluto.com,http://www.qluto.com/
oyeits enterprises india pvt ltd,http://www.oyeits.com/
uthestory,http://www.uthestory.com/
dailypooper,http://www.dailypooper.com/
ajay walia photography,http://www.ajaywaliaphotography.com/
foreantech,http://www.foreantech.com/
couponsbag.in,http://www.couponsbag.in/
tec commerce,http://techeyecreations.com/
finex media services,http://www.finexmediaservices.com/
rakhigifts4u,http://www.rakhigifts4u.com/
batterybhai.com,http://www.batterybhai.com/
s v malik,https://www.google.com/
blaze infomatiks p ltd,http://www.blazetekservices.com/
runbus.in,http://www.runbus.in/
socialcops,http://www.socialcops.org/
admirable worldwide,http://www.admirableworldwide.com/
doctral.com,http://Doctral.com/
nethues technologies pvt. ltd.,http://www.nethues.com/
macsify,http://under construction./
hirist.com,http://hirist.com/
aam admi shaadi,http://www.aamadmishadi.com/
cyankart,http://www.cyankart.com/
thetravelboss.com,http://TheTravelBoss.com/
live free and play hard,http://www.livefreeandplayhard.com/
bookalize,http://bookalize.com/
ascian consultancy,http://www.ascian.in/
dryfta,http://www.joomla6teen.com/Conference-Abstract-Management.html/
noisyox inc,http://www.noisyox.com/
dplay,http://dplay.org/
kamraa,http://www.kamraa.com/
shimply.com,http://www.shimply.com/
fabsdeal,http://www.fabsdeal.com/
geon consulting pvt. ltd.,
visionaryiq,http://www.visionaryiq.com/
meritmine.com,http://www.meritmine.com/
tbw marketing pvt. ltd.,http://www.delitebox.com/
2015 kostenlose fantasy filme,http://moviestorrents.net/category/fantasy/
promon media services,http://Promon.co.in/
redous,http://www.redous.com/
appyify,http://appyify.com/
digital checkers,http://www.digitalcheckers.com/
freelance india,http://www.freelance-india.com/
playselfie,http://playselfie.co/
b-genius learning systems,http://www.b-genius.com/
blingstation,http://www.blingstation.com/
aftermath works,http://www.aftermathworks.com/
grab best offers,http://www.grabbestoffers.com/
digital xperts,http://digital.xpertsinfosoft.com/
virtual space infotech pvt. ltd.,http://www.360virtualspace.com/
hungry owl,http://hungryowl.in/
transjovan capital advisors llp,http://www.transjovancap.com/
broken ben entertainment,
creinov technologies p limited,http://creinov.com/
sharingdais.com,http://www.sharingdais.com/
cook gourmet,http://www.cookgourmet.co/
startup101,http://www.startup101.in/
wiwigo.com,http://www.wiwigo.com/
kiddylish,http://www.kiddylish.com/
flymantra trips pvt ltd,http://www.flymantra.com/
zocalo.in,http://www.zocalo.in/
shri ram college of commerce,http://www.srcc.edu/
readersdoor,http://www.ReadersDoor.com/
business development solution,http://www.bdsolution.in/
travel agents in delhi,http://www.travel-agentsindelhi.com/
campusdope,http://www.campusdope.com/
scribble,http://scribbledesign.in/
posterduniya,http://www.posterduniya.com/
feemad,http://www.feemad.com/
i say organic,http://www.isayorganic.com/
talking point communications,http://www.talkingpointcommunications.com/
romires,https://www.facebook.com/romires.in/
safexbikes.com,http://safexbikes.com/
mymeal.com,http://www.mymeal.com/
annap interactive solutions,http://www.vicky.in/
spaceworx,http://www.spaceworxindia.com/
gymcity,http://www.gymcityplus.com/
couponzguru,http://www.couponzguru.com/
merabuddy,http://www.merabuddy.in/
plaksa,http://www.plaksa.ac.in/
suntecdigital,http://www.suntecdigital.com/
virtuaniz,http://www.virtuaniz.com/
it monteur,http://www.itmonteur.net/
hyundai,http://www.hyundai.com/
futech,http://www.futech.in/
skillgapfinder.com,http://www.skillgapfinder.com/
la mode mogul,http://www.srota.co/
national institute of business studies,http://www.nibs.in/
obookers,http://www.obookers.com/
my own site private limited,http://www.pikboo.com/
tipini,http://www.tipini.com/
bop connect,http://www.bopconeect.com/
zed-service™:service management software,http://www.zedservice.com/
the delhi guide,http://www.thedelhiguide.com/
durha industries pvt. ltd.,http://www.durhaindustries.com/
clipintrust,http://www.clipintrust.com/
sociobuddy incorporated,http://www.sociobuddy.com/
tapyti,http://www.tapyti.com/
payproducer inc.,http://payproducer.com/
radiant info solutions,http://www.radiant.in/
propertywala. com,http://www.propertywala.com/
startup it solution,http://www.startupitsolution.com/
getsetshow.com,http://getsetshow.com/
belly dance india,http://www.bellydanceindia.com/
cyborgdef research,http://www.saffa.in/
thycampus,http://www.thycampus.com/
integrated technology lab,http://www.itlstore.com/
aonergy ventures,http://www.aonergy.com/ip/
sparrow devices,http://www.sparrowdevices.com/
joy travels pvt ltd,http://www.joy-travels.biz/
bidhan singh business enterprize,https://www.facebook.com/pages/Bidhan-Singh-Business-Enterprize/450642954995958/
little planet preschool,http://www.littleplanetpreschool.com/
step up height growth,http://stepupbodygrowth.in/
power prash,http://powerprashindia.com/
gear webs,http://www.gearwebs.com/
shops of delhi ncr,http://www.shopsofdelhincr.com/
valuueba.com,http://www.valuueba.com/
joy travels,http://www.joy-travels.biz/
slim 24 pro india,http://slim-24-pro.com/
project helpline,http://www.projecthelpline.in/
toonsafari,http://www.toonsafari.com/
web design sumo,http://www.webdesignsumo.com/
no addiction,http://buy.noaddictionpowder.co.in/
sagacious research,http://www.sagaciousresearch.com/
wyra,http://www.wyra.in/
entrancei system and solution (p) ltd,http://www.entrancei.com/
sauna belt,http://saunabelts.in/
likesrank,https://www.google.com/
the other home,http://www.theotherhome.com/
step up height increaser,http://www.stepupheightincreaser.com/about.html/
derma seta,http://www.dermasetaindia.com/
brand adda,http://www.brandadda.com/
supportive,http://www.supportiveapp.com/
architecturelive!,http://www.architecturelive.in/
next pixar web,http://www.nextpixar.com/
asaan hai,http://www.asaanhai.com/
shopping monster,http://www.shoppingmonster.in/
college ink,http://www.collegeink.in/
project management software | diamosoft,http://www.diamosoft.com/pmactive/
zoyakhandel,http://www.zoya-khan.com/
exchange edb to pst converter,http://www.pcvita.com/edb-converter.html/
ajsh & co,http://www.ajsh.in/
shopenters,http://www.shopenters.com/
moser baer india ltd.,http://moserbaer.com/
perius consulting,http://www.perius.in/
priyasharmadelhiescorts,http://www.priya-sharma.com/
attendmind,http://www.attendmind.com/
simrandelhiescort,http://www.simran-delhi-escort.com/
yet to be decided,http://Yet to be purchased after finalization of the name./
vetrafurniture,http://www.vetrafurniture.com/
highprofleservices,http://www.highprofileservice.com/
slim 24 pro,http://buy.slim24proindia.com/
e business venture,http://www.khaugalideals.com/
pen camera,http://pencameras.in/
oxyglow cosmetics company,http://www.oxyglowcosmetics.com/
delhiflora.com,http://www.delhiflora.com/
techgreet,http://www.techgreet.com/
styliner,http://www.styliner.com/
gadgetwood eservices (p) ltd.,http://www.gadgetwood.com/
tackkle,http://signup.tackkle.com/
crowdelp,http://crowdelp.com/
arout,http://arout.com/
learntap,http://www.learntap.in/
e-multiplex,http://Under development/
ij,http://www.callij.com/
web designer india,http://webdesignerindia.co/
stalker check,http://www.Stalkercheck.com/
piccoin,http://www.piccoin.co/
luxuryquotient.com,http://www.luxuryquotient.com/
water zoom,http://waterzoom.co.in/
potnplant,http://www.potnplant.com/
triplived,http://www.triplived.com/
remedio consultancy services,http://www.remedio.in/
ivaluetech apps,http://www.ivaluetech.com/
durghatna.org,http://durghatna.org/
flowers4mothersday,http://www.flowers4mothersday.net/
mgip b.ed admission consultant,http://www.mgip.net/
trustcity,http://www.trustcity.in/
economical sms,http://economicalSMS.com/
my gala is out,http://test.com/
fathersgiftsgallery,http://www.fathersgiftsgallery.net/
deodar advisory,http://deodaradvisory.com/
adyatmik sewa mission,http://www.guruvinodji.com/
delhi dance academy,http://www.delhidanceacademy.in/
katalyzers,http://www.katalyzers.com/
switch2ecom,http://www.switch2ecom.com/
top indian classifieds,http://topindianclassified.com/
mymateplus.com,http://www.mymateplus.com/
couponsbag,http://www.couponsbag.in/
alexatravelmart (atm),http://www.alexatravelmart.com/
rocket-tutor,http://rocket-tutor.com/
nuttymart-home & kitchen appliances shop,http://nuttymart.com/
smile group,http://www.smile.co.in/
security thinkerz,http://securitythinkerz.com/
sunkalp energy,http://sunkalp.com/
change with one,https://www.facebook.com/ChangeWithOne/
tthios,http://www.tthios.com/
couponcargo,http://www.couponcargo.in/
golden eye techno solutions,http://www.getsbpo.com/
stirrup bender,http://www.stirrupbender.in/
tmo,http://www.themirroredopinion.con/
tj green energy,http://Www.BlueRayDetergent.com/
clickooz,http://clickooz.com/
co lawyer,http://www.colawyer.in/
lybrate,https://www.lybrate.com/
sri balaji action medical institute,http://www.actionhospital.com/
taskr,http://www.taskr.in/
shiprocket,http://www.shiprocket.in/
findyourcoaching,http://www.findyourcoaching.com/
fimly models,http://www.filmymodelsescorts.com/
star antenna,http://www.starantenna.com/
sereno,http://www.sereno.co.in/
jewelcurry (jc),http://www.jewelcurry.com/
watch mobile,http://watchmobile.co.in/
testasm,https://www.google.com/
angelasia,http://www.angelescortsin.asia/
web designing company india,http://www.webgoogly.net/
centum learning limited,http://www.centumlearning.com/
makemyreligion,http://www.makemyreligion.com/
totsmart education,http://totsmart.in/
websolutionsbuzz,http://www.websolutionsbuzz.com/
maxhealthcare,http://www.maxhealthcare.in/
gamcomp,https://www.google.com/
primus super speciality hospital,http://primushospital.com/
reado.com,http://www.reado.com/
ethnic route pvt ltd,http://www.theethnicroute.com/
enterpal,http://www.enterpal.com/
logos design,http://www.logosdesign.in/
recipes wallah,http://recipeswallah.com/
step up height india,http://www.stepupheightincreaser.com/
quickbima,http://Quickbima.com/
learn digital way,http://learndigitalway.com/
safety kart,https://www.safetykart.com/
qurly,http://www.qurly.in/
swiftintern,http://swiftintern.com/
wetravelsolo.com,http://Wetravelsolo.com/
fluper magazine,https://www.fluper.com/
yodel.ae,https://yodel.ae/
shubham housing development finance company,http://www.shubham.co/index.php/
hyring,http://www.hyring.com/
importwala.com,http://www.importwala.com/
scribzoo,http://www.scribzoo.com/
gobindas entertainment,http://www.alldaycoupon.com/
kahtras inc.,https://sites.google.com/site/kahtrasinc/
sona construction technologies,http://www.sonavibrators.com/
yaum,https://play.google.com/store/apps/details?id=com.landshark.yaum/
fluper technologies,http://www.fluper.technology/
read fingers digital publishing,http://www.readfingers.com/
mobizers technologies,http://www.mobizers.com/
bittoo tikki wala,http://btwindia.com/
disha publication,http://www.dishapublication.com/
yeswehire,http://www.yeswehire.com/
bestskyshop,http://www.bestskyshop.in/product-hair-building-fiber.html/
ng8 entertainment,http://Under Construction/
faborskip,http://www.faborskip.com/
compare seo,http://www.compareseo.net/
dreamer's exotic cars pvt. ltd.,http://www.dreamersexoticcars.in/
zakoopi,http://www.zakoopi.com/
addicted with fashion,http://addictedwithfashion.com/
web brain infotech,http://www.webbraininfotech.com/
starapps software,http://www.oodlesapp.me/
service labs india private limited,http://servicelabs.co/
wet and dry personal care pvt. ltd.,http://www.w-d.co.in/
edu annex,http://www.eduannex.in/
test,http://test.in/
ideanub,http://ideanub.com/
chai garam,http://www.chaigaram.net/
designbox,http://www.designboxindia.com/
algo alpha,http://www.algoalpha.com/
s3 services,http://www.healthbanao.com/
secure beverages private limited,http://www.securebeverages.com/
amipool,http://www.amipool.com/
b2b village,http://www.b2bvillage.com/
dediquette,http://www.dediquette.com/
bikenwear,http://bikenwear.com/
m.i.travels pvt ltd,http://www.mymanjil.com/
no addiction india,http://noaddictionpowder.in/
cuttinglet,http://cuttinglet.com/
ingenious applications private limited,http://www.measuremate.co/
pindrop music,http://www.pindropmusic.co/
rupalinegi agency,http://rupalinegi.biz/
frontier polymers pvt. ltd,http://www.frontierpolymers.com/
kreative ah retail pvt. ltd.,http://www.giftwallas.com/
mr. social,http://www.mrsocial.me/
yolo mobile software solutions,https://www.facebook.com/Play.N.Wincontest/
invive,http://www.invive.in/
paint sprayer elite,http://paintsprayerelite.com/
easethebiz,http://www.easethebiz.com/
justbookevent,http://www.justbookevent.com/
picazu.com,http://www.picazu.com/
startup proficiency,https://startupproficiency.wordpress.com/
newsgallery,http://newsgallery.co.in/
enlytiks,http://www.enlytiks.com/
convert,http://www.convert.cc/
immigration overseas india,http://www.immigrationoverseas.in/
web logix infotech,http://www.weblogixinfotech.com/
questionhere.com,http://questionhere.com/
your construction guru inc.,http://www.ycg.co.in/
web guruh digital marketing p ltd,http://www.webguruh.com/
fb,http://fgfdgfd.com/
dots&arcs,http://www.dotsandarcs.com/
www.santoshadh.blogspot.com,https://www.santoshadh.blogspot.com/
wedtech,http://www.wedtech.in/
orion dental care,http://www.oriondentalcare.com/
dusk cleaners,http://duskcleaners.com/
krishan gahlot vikaspuri,http://www.krishangahlot.com/
spy pen camera,http://www.pencameraindia.com/
call2customer,http://www.call2customer.com/
hradyesh,http://www.Hradyesh.com/
artle,http://www.artle.in/
unicommerce esolutions pvt. ltd.,http://www.unicommerce.com/
clickmyday,http://clickmyday.com/
oyetripper.com,http://www.oyetripper.com (Not available to all as still under construction)/
adriyana solutions pvt ltd,http://www.adriyana.com/
poddar nutrition private limited,http://www.poddarnutrition.com/
whereisyourbrand,http://www.whereisyourbrand.com/
healers at home,https://www.facebook.com/healersathome/
tackkle.com,http://www.tackkle.com/
helpingdoc,http://www.helpingdoc.com/
india tours,http://www.indiantravelwaves.com/
robotic wares,http://www.livemint.com/
tripcloud,http://Stealth Mode/
avigati productions,http://www.avigati.org/
easyflowers,https://www.easyflowers.co.in/send-flowers-to-delhi/
cedar lake capital,http://cedarlakecapital.com/
travelkhana.com,http://www.travelkhana.com/
brandmile,http://www.brandmile.com/
com first (india) private limited,http://www.comfirstindia.com/
holisol logistics,http://www.holisollogistics.com/
fareye,http://www.fareye.in/
abc,http://www.clickinapp.com/
intellerist,http://intellerist.bitnamiapp.com/wordpress/
ost to pst converter application,http://www.osttopst.ostconvertertopst.org/
asian healthcare fund,http://www.asianhealthcarefund.com/
walk,https://www.facebook.com/app.walk/
jiffy software solutions,http://www.linkscreens.com/
city flowers delhi,http://www.cityflowers.co.in/send-flowers-to-delhi-delivery/
grow x venture management,http://growxventures.com/
tripmogo,http://tripmogo.com/
